,Nombredecrditsactifs,FLOORSMAXMODE,EXTSOURCE3,YEARSBEGINEXPLUATATIONMEDI,Nombredecrditsrembourss,EXTSOURCE2,OBS30CNTSOCIALCIRCLE,bureauMontantdesdettesactuelles,CODEGENDER,REGCITYNOTWORKCITY,NAMEFAMILYSTATUSMarried,DAYSBIRTH,FLAGOWNCAR,FLAGPHONE,REGIONRATINGCLIENTWCITY,NAMETYPESUITEUnaccompanied,YEARSBEGINEXPLUATATIONAVG,FLAGOWNREALTY,AMTANNUITY,ORGANIZATIONTYPESelfemployed,FLAGDOCUMENT3,bureauNombredejoursdepuisladerniredemande,AMTGOODSPRICE,NAMEINCOMETYPEWorking,AMTCREDIT,REGIONRATINGCLIENT,DAYSEMPLOYED,IPPaiementensouffrancemoyen,NAMEEDUCATIONTYPESecondarysecondaryspecial,DAYSREGISTRATION,YEARSBEGINEXPLUATATIONMODE,DAYSLASTPHONECHANGE,NAMECONTRACTTYPECashloans,CNTCHILDREN,TOTALAREAMODE,OCCUPATIONTYPELaborers,ORGANIZATIONTYPEBusinessEntityType3,REGCITYNOTLIVECITY,FLOORSMAXMEDI,NAMEEDUCATIONTYPEHighereducation,NAMEFAMILYSTATUSSinglenotmarried,DAYSIDPUBLISH,WEEKDAYAPPRPROCESSSTARTFRIDAY,OCCUPATIONTYPESalesstaff,WEEKDAYAPPRPROCESSSTARTTHURSDAY,FLAGDOCUMENT6,REGIONPOPULATIONRELATIVE,IPRetardmoyendespaiements,OCCUPATIONTYPECorestaff,OCCUPATIONTYPEDrivers,WEEKDAYAPPRPROCESSSTARTMONDAY,LIVEREGIONNOTWORKREGION,FLAGEMAIL,FLOORSMAXAVG,bureauMontantcrditsencours,ORGANIZATIONTYPESchool,HOURAPPRPROCESSSTART,AMTINCOMETOTAL,WEEKDAYAPPRPROCESSSTARTWEDNESDAY,DEF30CNTSOCIALCIRCLE,ORGANIZATIONTYPETransporttype3,FLAGWORKPHONE,OCCUPATIONTYPESecuritystaff,LIVECITYNOTWORKCITY,WEEKDAYAPPRPROCESSSTARTTUESDAY,NAMEHOUSINGTYPEHouseapartment,PreviousMontantdemandmoyen,ORGANIZATIONTYPETradetype7,ORGANIZATIONTYPEAgriculture,WEEKDAYAPPRPROCESSSTARTSATURDAY,NAMETYPESUITEFamily,FLAGEMPPHONE,CNTFAMMEMBERS,NAMEFAMILYSTATUSSeparated,NAMEINCOMETYPEStateservant,ORGANIZATIONTYPEOther,NAMEHOUSINGTYPEMunicipalapartment,DEF60CNTSOCIALCIRCLE,OBS60CNTSOCIALCIRCLE,OCCUPATIONTYPEHighskilltechstaff,NAMEFAMILYSTATUSWidow,SKIDCURR
0,3.0,0.125,0.1595195404777181,0.9732,4.0,0.7896543511176771,0.0,596686.5,1,0,1,-19241,0,0,2,1,0.9732,1,20560.5,0,1,-1572.0,450000.0,1,568800.0,2,-2329,0.0,0,-5170.0,0.9732,-1740.0,1,0,0.0392,0,0,0,0.125,1,0,-812,0,0,0,0,0.01885,15.5,0,0,0,0,1,0.125,1453365.0,0,18,135000.0,0,0.0,0,0,0,0,1,1,24835.5,0,0,0,0,1,2.0,0,0,0,0,0.0,0.0,0,0,100001
1,2.0,,0.4329616670974407,,1.0,0.2916555320093651,0.0,568408.5,0,0,1,-18064,0,0,2,1,,1,17370.0,1,1,-373.0,180000.0,1,222768.0,2,-4469,0.0,1,-9118.0,,0.0,1,0,,0,0,0,,0,0,-1623,1,0,0,0,0.035792,23.555555555555557,0,0,0,0,0,,657126.0,0,9,99000.0,0,0.0,0,0,0,0,0,1,22308.75,0,0,0,0,1,2.0,0,0,0,0,0.0,0.0,0,0,100005
2,,,0.6109913280868294,,4.0,0.6997868302051784,0.0,0.0,0,0,1,-20038,1,0,2,0,,1,69777.0,0,0,-2070.0,630000.0,1,663264.0,2,-4458,2646.2831250000004,0,-2175.0,,-856.0,1,0,,0,0,0,,1,0,-3503,0,0,0,0,0.019101,12.75925925925926,0,1,1,0,0,,2072280.06,0,14,202500.0,0,0.0,1,0,0,0,0,1,130871.25,0,0,0,0,1,2.0,0,0,0,0,0.0,0.0,0,0,100013
3,5.0,0.375,0.6127042441012546,0.997,7.0,0.5096770801723647,0.0,186304.5,1,0,1,-13976,0,1,2,1,0.997,1,49018.5,0,1,-2105.0,1575000.0,1,1575000.0,2,-1866,279.15964285714284,1,-2000.0,0.997,-1805.0,1,2,0.37,0,1,0,0.375,0,0,-4208,0,1,0,0,0.026392,4.8500000000000005,0,0,0,0,0,0.375,1520875.08,0,11,315000.0,1,0.0,0,0,0,0,0,1,49207.5,0,0,0,0,1,4.0,0,0,0,0,0.0,0.0,0,0,100028
4,,,,,,0.4256872940912229,0.0,,0,1,1,-13040,1,0,2,1,,0,32067.0,0,1,,625500.0,1,625500.0,2,-2191,0.0,1,-4000.0,,-821.0,1,1,,0,1,0,,0,0,-4262,1,0,0,0,0.010032,12.25,0,0,0,0,0,,,0,5,180000.0,0,0.0,0,1,0,1,0,1,267727.5,0,0,0,0,1,3.0,0,0,0,0,0.0,0.0,0,0,100038
5,8.0,0.3333,0.3927738606031339,0.9821,6.0,0.6289043246811542,0.0,3074162.895,1,0,1,-18604,1,1,2,1,0.9821,1,34600.5,0,0,-2723.0,810000.0,0,959688.0,2,-12009,319.54007025761126,1,-6116.0,0.9821,-1705.0,1,0,0.2151,0,0,0,0.3333,0,0,-2027,0,0,0,0,0.025164,7.765516996664537,0,1,1,0,0,0.3333,9540657.0,0,15,270000.0,0,0.0,0,0,0,0,0,1,415884.0,0,0,0,0,1,2.0,0,1,0,0,0.0,0.0,0,0,100042
6,1.0,,0.6512602186973006,,7.0,0.57108420610083,1.0,0.0,0,1,1,-16685,1,0,2,1,,1,22117.5,0,1,-2623.0,373500.0,1,499221.0,2,-2580,0.0,0,-10125.0,,-1182.0,1,2,,0,0,0,,1,0,-241,0,0,1,0,0.0228,23.333333333333332,0,0,0,0,0,,2952260.1,0,9,180000.0,0,0.0,0,0,0,1,0,1,50396.175,0,0,0,0,1,4.0,0,0,0,0,0.0,1.0,1,0,100057
7,4.0,,0.3123653692278984,,9.0,0.6130330592407085,0.0,540273.51,0,0,0,-9516,0,1,2,1,,1,14220.0,1,0,-1207.0,180000.0,1,180000.0,2,-1387,0.0,0,-5063.0,,-1182.0,1,0,,0,0,0,,1,1,-2055,1,0,0,0,0.005144,13.6,1,0,0,0,0,,1710873.945,0,7,166500.0,0,0.0,0,1,0,0,0,0,58590.0,0,0,0,0,1,1.0,0,0,0,0,0.0,0.0,0,0,100065
8,1.0,0.1667,0.5226973172821112,0.9781,2.0,0.8087877917779122,0.0,181687.5,1,0,1,-12744,0,0,1,1,0.9781,1,28957.5,0,1,-674.0,315000.0,0,364896.0,1,-1013,0.0,0,-1686.0,0.9782,-829.0,1,0,0.0702,0,0,0,0.1667,1,0,-3171,0,0,1,0,0.04622,9.49280303030303,1,0,0,0,0,0.1667,949500.0,1,18,315000.0,0,0.0,0,0,0,0,0,1,117006.0,0,0,0,0,1,2.0,0,1,0,0,0.0,0.0,0,0,100066
9,5.0,,0.1940678276718812,,12.0,0.4448475614048825,4.0,1176970.5,1,0,0,-10395,1,1,2,0,,1,5337.0,0,1,-1628.0,45000.0,1,45000.0,2,-2625,0.0,0,-8124.0,,-1423.0,1,1,,0,0,0,,1,0,-3041,0,1,0,0,0.018634,14.162515262515262,0,0,0,0,0,,3237102.0,0,14,162000.0,0,0.0,0,1,0,0,1,1,182835.19565217392,0,0,0,1,1,3.0,0,0,0,0,0.0,4.0,0,0,100067
10,,0.0417,0.2985949897873972,0.9781,3.0,0.6600149063064604,0.0,0.0,1,0,1,-23670,0,1,3,1,0.9781,1,25447.5,0,1,-2071.0,675000.0,0,675000.0,3,365243,0.0,1,-7490.0,0.9782,-1671.0,1,0,0.0136,0,0,0,0.0417,0,0,-4136,0,0,0,0,0.0031219999999999,8.35,0,0,0,0,0,0.0417,360974.52,0,11,67500.0,0,0.0,0,0,0,0,1,1,62482.5,0,0,0,0,0,2.0,0,0,0,0,0.0,0.0,0,0,100074
11,2.0,,0.4365064990977374,,,0.3937146969745023,0.0,62170.83,1,1,0,-15524,0,0,2,1,,1,16848.0,1,1,-315.0,216000.0,1,261621.0,2,-3555,-6428.571428571428,1,-7833.0,,-1097.0,1,0,,1,0,0,,0,0,-3985,1,0,0,0,0.008019,5.392857142857142,0,0,0,0,0,,113041.8,0,17,135000.0,0,0.0,0,0,0,1,0,1,167188.125,0,0,0,0,1,1.0,0,0,0,0,0.0,0.0,0,1,100090
12,1.0,,0.41534714488434,,2.0,0.4700355103285236,1.0,1367662.5,1,0,0,-12278,0,0,2,1,,1,23539.5,1,1,-1409.0,225000.0,1,296280.0,2,-929,0.0,1,-6031.0,,-619.0,1,0,,0,0,0,,0,0,-4586,0,0,1,0,0.018634,12.2,0,0,0,0,0,,1949845.5,0,17,247500.0,0,1.0,0,0,0,0,0,1,103110.0,0,0,0,0,1,2.0,0,0,0,0,0.0,1.0,0,0,100091
13,7.0,,0.375711009574066,,6.0,0.2702553559832115,5.0,937309.5,1,1,1,-19687,1,0,2,1,,1,18535.5,0,1,-2413.0,360000.0,1,360000.0,2,-3578,171.57985714285715,1,-10673.0,,-1414.0,1,0,,0,0,0,,0,0,-3183,0,0,0,0,0.0145199999999999,16.22,1,0,0,0,0,,2214576.4050000003,0,7,90000.0,0,0.0,0,0,0,1,1,1,32628.75,0,0,0,0,1,2.0,0,0,0,0,0.0,5.0,0,0,100092
14,,,0.5797274227921155,,1.0,0.4857699312968558,0.0,0.0,0,1,0,-12091,0,0,2,0,,1,7875.0,0,0,-1070.0,157500.0,1,157500.0,2,-1830,435.28285714285727,1,-1042.0,,-765.0,0,0,,1,1,1,,0,0,-4221,0,0,0,0,0.031329,16.39047619047619,0,0,0,0,0,,225000.0,0,9,180000.0,0,0.0,0,0,0,0,1,1,82919.7,0,0,0,0,1,2.0,0,0,0,0,0.0,0.0,0,0,100106
15,1.0,0.125,0.2636468134452008,0.9513,,0.6844067238529257,2.0,124195.68,0,0,0,-13563,1,0,1,1,0.9513,1,21690.0,0,0,-17.0,225000.0,1,296280.0,1,-1007,-507.275625,1,-5719.0,0.9513,-317.0,1,0,0.0484,1,1,0,0.125,0,0,-4044,0,0,0,0,0.032561,5.363095238095238,0,0,0,0,1,0.125,124195.68,0,15,180000.0,0,0.0,0,0,0,0,1,1,51500.25,0,0,0,0,1,2.0,0,0,0,0,0.0,2.0,0,0,100107
16,3.0,,0.3062022983135042,,10.0,0.6350278467719062,0.0,319125.555,1,0,0,-19375,1,0,2,1,,1,26041.5,0,1,-2413.0,360000.0,1,407520.0,2,-4739,0.0,1,-3035.0,,-2154.0,1,0,,1,0,0,,0,1,-2895,0,0,0,0,0.00702,4.697530864197531,0,0,0,0,0,,1670155.785,0,15,202500.0,0,0.0,0,1,0,0,0,1,153396.5,0,0,1,0,1,1.0,0,0,0,0,0.0,0.0,0,0,100109
17,2.0,,0.6528965519806539,,6.0,0.6467635239646198,0.0,576030.33,0,0,1,-22705,1,0,3,1,,1,22117.5,0,1,-2046.0,373500.0,0,499221.0,3,365243,0.0,1,-5107.0,,-1132.0,1,0,,0,0,0,,0,0,-5990,1,0,0,0,0.0031219999999999,13.25,0,0,0,0,0,,1784256.795,0,10,90000.0,0,0.0,0,0,0,0,0,1,39937.5,0,0,0,0,0,2.0,0,0,0,0,0.0,0.0,0,0,100117
18,4.0,0.375,0.3474182272002641,0.9881,23.0,0.3750732637427585,5.0,347607.0,1,0,0,-10962,1,0,2,1,0.9881,1,23526.0,0,1,-2642.0,360000.0,0,431280.0,2,-1883,604.5918750000001,0,-99.0,0.9881,-1616.0,1,1,0.0837,0,0,0,0.375,1,0,-1721,0,0,1,0,0.025164,14.583333333333332,0,0,0,0,1,0.375,7911722.970000001,0,10,225000.0,0,0.0,0,0,0,0,0,0,279169.26923076925,0,0,0,0,1,3.0,0,0,0,0,0.0,5.0,0,0,100128
19,,,,,,0.7427647756395467,0.0,,1,1,1,-17955,1,0,2,0,,1,46741.5,0,1,,454500.0,1,478498.5,2,-305,0.0,1,-10087.0,,-814.0,1,0,,1,0,1,,0,0,-1516,0,0,0,0,0.010147,6.333333333333333,0,0,0,0,0,,,0,11,175500.0,0,0.0,0,1,0,0,1,1,20160.0,0,0,0,1,1,2.0,0,0,0,0,0.0,0.0,0,0,100141
20,,0.1667,0.7610263695502636,0.9762,4.0,0.6009994171816399,0.0,0.0,1,0,0,-10507,0,1,2,1,0.9762,1,19242.0,0,1,-2694.0,225000.0,0,225000.0,2,-2780,423.1221428571429,1,-5072.0,0.9762,-2297.0,1,0,0.0547,0,1,0,0.1667,0,0,-2729,0,1,0,0,0.0072739999999999,11.178571428571429,0,0,0,0,0,0.1667,427500.0,0,10,99000.0,0,0.0,0,0,0,0,1,1,507588.75,0,0,0,0,1,2.0,0,0,0,0,0.0,0.0,0,0,100150
21,,0.2083,0.746300213050371,0.9627,1.0,0.7089390399675721,0.0,0.0,1,0,0,-22557,0,0,1,1,0.9627,1,16443.0,0,1,-1407.0,202500.0,1,266652.0,1,-13294,-1375.5507692307692,0,-13154.0,0.9628,-1144.0,1,0,0.0508,0,0,0,0.2083,1,0,-4187,0,0,0,0,0.0116569999999999,20.635531135531135,0,0,0,0,0,0.2083,360000.0,0,15,157500.0,0,0.0,0,0,0,0,1,1,712388.25,0,0,0,0,1,1.0,0,0,1,0,0.0,0.0,0,1,100168
22,1.0,0.6667,0.1595195404777181,0.9925,,0.6386136180590145,0.0,97011.0,1,0,0,-22784,0,0,1,0,0.9925,1,27702.0,0,0,-187.0,540000.0,0,540000.0,1,365243,1766.3917499999998,0,-5103.0,0.9926,-519.0,1,0,0.2989,0,0,0,0.6667,1,0,-5229,0,0,0,1,0.072508,9.633143939393939,0,0,0,0,0,0.6667,176382.0,0,12,135000.0,0,0.0,0,0,0,0,1,1,124258.23529411765,0,0,0,1,0,1.0,1,0,0,0,0.0,0.0,0,0,100169
23,4.0,0.375,0.4400578303966329,0.9866,4.0,0.6612258810815439,1.0,315670.5,0,0,1,-11948,0,0,2,1,0.9866,1,42493.5,0,1,-2800.0,1012500.0,0,1313212.5,2,-1415,873.8515989454094,0,-5611.0,0.9866,-1582.0,1,1,0.1217,1,1,0,0.375,0,0,-4052,0,0,0,0,0.02461,2.3680727874276264,0,0,0,0,1,0.375,614498.4450000001,0,11,337500.0,0,0.0,0,0,0,0,1,1,117281.25,0,0,0,0,1,3.0,0,0,0,0,0.0,1.0,0,0,100170
24,3.0,,0.6626377922738201,,5.0,0.6874076897321058,7.0,2648639.0700000003,0,0,1,-13172,1,0,2,1,,1,29245.5,0,1,-2858.0,450000.0,1,539100.0,2,-3518,0.0,1,-6207.0,,-2470.0,1,0,,0,1,0,,0,0,-4243,0,0,0,0,0.031329,9.7,0,1,0,0,0,,6237315.0,0,14,157500.0,1,0.0,0,1,0,0,0,1,43870.5,0,0,0,0,1,2.0,0,0,0,0,0.0,7.0,0,0,100171
25,1.0,,0.5352762504724826,,2.0,0.3488858471220637,4.0,58041.0,1,1,0,-15394,0,0,2,1,,1,12334.5,0,1,-659.0,225000.0,1,225000.0,2,-967,0.0,1,-5389.0,,0.0,1,0,,1,1,0,,0,0,-5433,0,0,0,0,0.010966,18.333333333333332,0,0,0,0,0,,318037.5,0,10,76500.0,0,2.0,0,0,0,1,1,1,44458.5,0,0,0,0,1,2.0,0,0,0,0,0.0,4.0,0,0,100172
26,5.0,0.1667,0.4740512892789932,0.9826,6.0,0.2631011921849177,1.0,711540.0,1,0,0,-21150,0,0,2,1,0.9826,1,10759.5,0,1,-953.0,180000.0,0,256032.0,2,365243,157.74136363636364,1,-4157.0,0.9826,-672.0,1,0,0.0759,0,0,0,0.1667,0,0,-4658,0,0,1,0,0.0196889999999999,11.12121212121212,0,0,0,0,0,0.1667,1422274.5,0,11,112500.0,0,0.0,0,0,0,0,0,1,140325.46363636365,0,0,0,0,0,1.0,0,0,0,0,0.0,1.0,0,1,100184
27,1.0,0.5,0.5954562029091491,0.9965,3.0,0.266212100961842,5.0,1875802.5,1,0,1,-21040,0,1,2,0,0.9965,1,25726.5,1,1,-811.0,418500.0,0,501363.0,2,-2467,0.0,0,-918.0,0.9965,-1792.0,1,0,0.1175,0,0,0,0.5,1,0,-3663,0,0,1,0,0.031329,6.803571428571428,0,0,0,0,0,0.5,4412893.05,0,12,225000.0,0,1.0,0,0,0,0,0,1,183525.42857142858,0,0,0,1,1,2.0,0,0,0,0,1.0,5.0,0,0,100187
28,1.0,,0.3572932680336494,,,0.7629532085826144,5.0,16299.0,1,0,1,-15773,1,0,3,1,,0,23107.5,1,1,-78.0,450000.0,1,450000.0,3,-1310,0.0,0,-7173.0,,-2865.0,1,0,,0,0,0,,0,0,-5049,0,0,0,0,0.005002,19.9375,1,0,1,0,0,,23502.645,0,15,90000.0,0,0.0,0,0,0,0,0,1,79493.4,0,0,0,0,1,2.0,0,0,0,0,0.0,5.0,0,0,100212
29,5.0,,0.2539628093363117,,9.0,0.6786018822974562,0.0,3242268.18,1,0,1,-17796,1,0,2,1,,1,34074.0,1,1,-1929.0,945000.0,1,945000.0,2,-2785,0.0,1,-2296.0,,0.0,1,0,,0,0,0,,0,0,-1224,0,0,0,0,0.030755,5.5,0,0,0,0,0,,5495302.8,0,12,360000.0,1,0.0,0,0,0,0,0,1,270000.0,0,0,0,0,1,2.0,0,0,0,0,0.0,0.0,0,0,100222
30,4.0,0.1667,0.6127042441012546,0.9876,3.0,0.7858814044490458,2.0,6466366.665,1,0,1,-12994,0,0,2,1,0.9876,0,35811.0,0,1,-2392.0,400500.0,0,490374.0,2,-2055,149.22409090909088,0,-164.0,0.9866,-1967.0,1,0,0.0856,0,0,0,0.1875,1,0,-3461,0,0,0,0,0.00496,8.196212121212122,0,0,1,0,0,0.1875,7332444.0,0,11,180000.0,0,0.0,0,0,0,0,0,1,252660.0,0,0,0,0,1,2.0,0,0,0,0,0.0,1.0,0,0,100223
31,2.0,,0.5673792367572691,,,0.7845722127718678,0.0,192595.5,1,0,1,-14445,0,0,2,1,,0,21577.5,0,1,-987.0,265500.0,1,335592.0,2,-1751,0.0,0,-2204.0,,-551.0,1,1,,0,0,0,,1,0,-5049,0,0,1,0,0.00496,26.3,1,0,0,0,0,,504000.0,1,15,102150.0,0,0.0,0,0,0,0,0,1,348045.0,0,0,0,0,1,3.0,0,0,0,0,0.0,0.0,0,0,100232
32,1.0,,0.633031641417419,,1.0,0.0909218916196025,0.0,1124.505,1,1,1,-9187,0,0,2,1,,0,17797.5,0,0,-620.0,360000.0,1,431280.0,2,-270,,1,-3663.0,,-247.0,1,0,,1,1,1,,0,0,-725,1,0,0,0,0.015221,,0,0,0,0,0,,44815.5,0,14,67500.0,0,0.0,0,1,0,1,0,0,,0,0,0,0,1,2.0,0,0,0,0,0.0,0.0,0,0,100241
33,4.0,0.1667,0.5460231970049609,0.9752,6.0,0.6708899286421401,1.0,1036881.0,1,0,1,-13365,0,0,2,1,0.9752,0,20947.5,0,1,-2895.0,315000.0,1,364896.0,2,-1397,,0,-5725.0,0.9752,-2264.0,1,0,0.0825,1,0,0,0.1667,0,0,-5788,1,0,0,0,0.016612,,0,0,0,0,0,0.1667,3446883.09,0,17,112500.0,0,0.0,0,0,0,0,0,1,,0,0,0,0,1,2.0,0,0,0,0,0.0,1.0,0,0,100245
34,2.0,0.3333,0.6769925032909132,0.9856,7.0,0.6083332060612188,0.0,0.0,1,0,0,-15631,1,0,2,0,0.9856,1,39568.5,0,0,-2771.0,720000.0,0,819792.0,2,-3060,-19015.06707142857,1,-1545.0,0.9856,-2302.0,1,0,0.2529,0,1,0,0.3333,0,0,-3162,0,0,0,0,0.010966,13.687301587301588,0,0,0,0,0,0.3333,4165584.21,0,14,171000.0,0,0.0,0,0,0,0,1,1,398439.64285714284,0,0,0,1,1,1.0,1,0,0,0,0.0,0.0,0,0,100253
35,1.0,0.1667,0.3201633668633456,0.9886,2.0,0.4966999265160138,0.0,25587.0,0,0,0,-10125,1,0,2,1,0.9886,1,13563.0,0,0,-1429.0,112500.0,1,119925.0,2,-1161,1278.273087406015,1,-239.0,0.9886,-1198.0,1,0,0.0757,0,0,0,0.1667,0,1,-2335,0,0,0,0,0.019101,10.562813283208019,1,0,0,0,0,0.1667,157586.04,0,15,121500.0,1,0.0,0,0,0,0,0,1,155112.35294117648,1,0,0,0,1,1.0,0,0,0,0,0.0,0.0,0,0,100256
36,1.0,,0.7209441499436497,,7.0,0.7494215648098264,2.0,0.0,1,0,1,-23139,1,0,2,1,,1,98770.5,0,1,-2660.0,1800000.0,0,1800000.0,2,365243,-3673.9157755102037,1,-262.0,,-2023.0,1,0,,0,0,0,,0,0,-4637,0,0,0,0,0.026392,5.1032530961102385,0,0,1,0,0,,3175420.5,0,11,270000.0,0,0.0,0,0,0,0,0,1,605769.2307692308,0,0,0,0,0,2.0,0,0,0,0,0.0,2.0,0,0,100271
37,3.0,0.0,0.3001077565791181,0.9657,,0.472078723935541,5.0,974488.5,1,0,1,-10834,0,0,3,1,0.9657,1,35685.0,0,1,-802.0,450000.0,1,450000.0,3,-1787,,1,-4039.0,0.9657,-358.0,1,1,0.0028,0,1,0,0.0,0,0,-365,0,1,0,0,0.005002,,0,0,0,0,0,0.0,1178815.5,0,15,121500.0,0,1.0,0,1,0,0,1,1,110235.0,0,0,0,0,1,3.0,0,0,0,0,1.0,5.0,0,0,100278
38,3.0,,0.6817058776720116,,11.0,0.7458858805173066,0.0,1853590.5,0,0,1,-14342,1,0,1,1,,1,61015.5,0,0,-2861.0,472500.0,0,513040.5,1,-976,-12375.615214285714,0,-2238.0,,-329.0,1,2,,0,1,0,,0,0,-1168,0,0,0,0,0.04622,9.014285714285714,0,0,0,1,1,,24976063.395,0,10,405000.0,0,0.0,0,0,0,0,1,1,422602.875,0,0,0,0,1,4.0,0,0,0,0,0.0,0.0,0,0,100280
39,,0.0417,0.4920600938649263,,2.0,0.3834644932070785,0.0,14958.0,0,0,0,-8743,0,0,2,1,,0,28570.5,0,1,-1315.0,360000.0,1,360000.0,2,-253,1339.7325,1,-8712.0,,0.0,1,0,0.0068,0,1,0,0.0417,0,1,-1416,0,1,1,0,0.010032,11.25,0,0,0,0,0,0.0417,133380.0,0,5,112500.0,0,0.0,0,0,0,0,0,0,55494.0,0,0,0,0,1,1.0,0,0,0,0,0.0,0.0,0,0,100306
40,6.0,,0.164414178829907,,8.0,0.3121728034737758,0.0,288200.33999999997,1,0,1,-17709,0,0,3,1,,1,12766.5,0,1,-1982.0,247500.0,1,247500.0,3,-3910,0.0,1,-9194.0,,-1098.0,1,0,,0,0,0,,0,0,-1265,0,0,0,0,0.018209,8.073148148148148,0,0,0,0,1,,1140432.345,0,11,175500.0,0,0.0,0,0,0,0,0,1,95343.75,0,0,0,0,1,2.0,0,0,0,0,0.0,0.0,0,0,100311
41,2.0,0.375,0.8214433128935934,0.9925,1.0,0.4818925139065904,4.0,113854.5,0,0,1,-23313,0,1,2,0,0.9925,0,33921.0,0,0,-2604.0,463500.0,0,463500.0,2,365243,1420.2715909090914,1,-1806.0,0.9881,0.0,1,0,0.1572,0,0,0,0.375,0,0,-5207,1,0,0,1,0.009175,6.854978354978355,0,0,0,0,0,0.375,2965500.0,0,18,67500.0,0,0.0,0,0,0,0,0,1,490700.25,0,0,0,0,0,2.0,0,0,0,0,0.0,4.0,0,0,100312
42,1.0,0.0417,0.4920600938649263,0.9811,11.0,0.5061354324171047,10.0,6312168.0,1,0,1,-13900,1,0,3,1,0.9811,1,27652.5,0,1,-2862.0,450000.0,1,539100.0,3,-2292,0.0,1,-308.0,0.9811,-998.0,1,0,0.0054,0,0,0,0.0417,0,0,-5677,0,0,0,0,0.020713,7.488738738738739,1,0,0,0,1,0.0417,8644324.5,0,9,211500.0,1,0.0,0,0,0,0,0,1,75526.875,0,0,0,0,1,2.0,0,0,0,0,0.0,9.0,0,0,100330
43,,0.3333,,0.9856,,0.7564625800013871,0.0,,0,1,1,-17884,1,0,2,1,0.9856,1,40576.5,0,1,,630000.0,1,792162.0,2,-2634,-1875.0,0,-7177.0,0.9856,-866.0,1,0,0.1355,0,1,1,0.3333,1,0,-1057,0,0,1,0,0.0084739999999999,8.0,0,1,0,1,0,0.3333,,0,14,225000.0,0,0.0,0,0,0,1,0,0,72778.5,0,0,0,0,1,2.0,0,0,0,0,0.0,0.0,0,0,100331
44,5.0,,0.1852020815902493,,5.0,0.672240432121728,6.0,1813131.3599999999,0,0,1,-18928,1,0,2,1,,1,37390.5,0,0,-2893.0,630000.0,0,729792.0,2,-1555,710.5441029900333,1,-6615.0,,-1895.0,1,1,,0,0,0,,0,0,-2457,0,0,0,0,0.031329,9.949863418235513,0,1,0,0,1,,5093527.275,0,9,180000.0,1,0.0,0,0,0,0,0,1,143208.0,0,0,0,0,1,3.0,0,1,0,0,0.0,6.0,0,0,100352
45,7.0,0.0417,0.445396241560834,0.9717,7.0,0.2906310801784493,0.0,2748744.36,1,0,1,-18552,0,0,3,1,0.9717,1,51178.5,0,1,-2740.0,697500.0,1,798777.0,3,-2425,-7628.772374999999,1,-3294.0,0.9717,-1766.0,1,0,0.0073,1,1,0,0.0417,0,0,-2096,0,0,0,0,0.018029,13.215656565656566,0,0,0,0,0,0.0417,5693906.880000001,0,10,202500.0,0,0.0,0,0,0,0,0,1,447195.75,0,0,1,0,1,2.0,0,0,0,0,0.0,0.0,0,0,100358
46,,0.1667,0.656158373001177,0.9866,2.0,0.5092289549980366,2.0,0.0,0,0,1,-19840,1,0,2,1,0.9841,0,26874.0,0,1,-2514.0,261000.0,1,261000.0,2,-3761,214.0849038461539,1,-1325.0,0.9786,-1780.0,1,0,0.0724,1,0,0,0.1667,0,0,-3323,0,0,1,0,0.0145199999999999,3.50141317016317,0,0,0,0,0,0.2221,1350000.0,0,10,157500.0,0,0.0,0,0,0,0,0,1,85161.6,0,0,0,0,1,2.0,0,0,0,0,0.0,2.0,0,0,100367
47,4.0,0.125,0.164414178829907,0.9747,5.0,0.3785445267666673,1.0,9504072.0,0,0,1,-11746,1,1,2,1,0.9747,0,22149.0,0,0,-2589.0,360000.0,1,431280.0,2,-1804,690.641826923077,0,-1095.0,0.9747,0.0,1,1,0.047,0,1,0,0.125,1,0,-2911,0,0,0,0,0.0072739999999999,14.612296037296037,0,0,0,0,1,0.125,10750432.5,0,14,180000.0,0,0.0,0,0,0,0,1,1,78867.0,0,0,0,0,1,3.0,0,0,0,0,0.0,1.0,0,0,100382
48,1.0,0.1667,,0.9771,,0.3942681389792175,0.0,85648.5,1,0,1,-11991,0,0,3,1,0.9771,1,28570.5,0,1,-407.0,360000.0,0,360000.0,3,-1303,1541.9378571428572,0,-5282.0,0.9772,-213.0,1,0,0.0681,0,0,0,0.1667,1,0,-936,0,0,0,0,0.018209,10.0,0,0,0,0,0,0.1667,85266.0,0,13,112500.0,1,0.0,0,0,0,0,0,0,56250.0,0,0,0,0,1,2.0,0,1,0,0,0.0,0.0,0,0,100384
49,4.0,,0.2837118826350007,,4.0,0.5767684103937347,0.0,1332774.0,0,0,1,-12567,1,0,2,0,,0,42268.5,0,1,-1618.0,544500.0,1,544500.0,2,-5041,0.0,0,-4640.0,,-256.0,1,1,,0,0,0,,0,0,-4565,0,0,1,0,0.028663,12.888194444444444,0,0,0,0,0,,3667095.0,0,13,229500.0,0,0.0,0,0,0,0,0,1,42216.0,0,0,0,1,1,3.0,0,0,0,0,0.0,0.0,0,0,100385
50,4.0,,0.5136937663039473,,2.0,0.5922055060542036,0.0,828706.5,1,0,0,-13622,0,0,2,1,,1,13383.0,0,1,-1037.0,157500.0,0,207396.0,2,-993,278.0432307692308,0,-5684.0,,-155.0,1,3,,0,0,0,,1,0,-2089,1,0,0,0,0.006629,11.795970695970697,1,0,0,0,1,,1780654.5,0,9,202500.0,0,0.0,0,0,0,0,0,0,183843.0,0,0,0,0,1,5.0,0,0,0,1,0.0,0.0,0,0,100386
51,2.0,0.3333,0.4066174366275036,0.9841,1.0,0.7904523245236238,0.0,1082421.0,0,0,1,-20520,0,0,2,1,0.9841,0,43546.5,0,1,-1480.0,900000.0,0,1024740.0,2,-3794,,0,-3157.0,0.9841,-3049.0,1,0,0.062,0,0,0,0.3333,1,0,-4057,0,0,0,0,0.010276,,0,0,1,0,0,0.3333,1416713.85,0,18,360000.0,0,0.0,0,1,0,0,0,1,,0,0,0,0,1,2.0,0,0,1,0,0.0,0.0,0,0,100399
52,2.0,0.1667,0.2091546988410069,0.9767,6.0,0.6625765416174567,6.0,0.0,1,0,1,-14343,0,0,3,0,0.9767,1,83110.5,0,1,-2088.0,1800000.0,0,2013840.0,3,-2682,0.0,0,-6069.0,0.9767,-533.0,1,0,0.0941,0,1,0,0.1667,1,0,-797,0,0,0,0,0.0105,14.625,0,0,0,0,0,0.1667,4404703.995,0,14,270000.0,1,0.0,0,0,0,0,0,1,161568.0,0,0,0,0,1,2.0,0,0,0,0,0.0,6.0,0,0,100404
53,,,0.6986675550534175,,1.0,0.6448227181476635,0.0,0.0,1,0,1,-16462,1,0,2,0,,0,31342.5,1,1,-1302.0,733500.0,0,869049.0,2,-2757,231.85248798076927,0,-4150.0,,-2358.0,1,0,,0,0,0,,1,0,-9,1,1,0,0,0.010147,9.275009426847662,0,0,0,0,0,,150858.0,0,10,157500.0,0,0.0,0,0,0,0,0,1,79249.15384615384,0,0,0,1,1,2.0,0,0,0,0,0.0,0.0,0,0,100416
54,1.0,,0.5797274227921155,,7.0,0.5166751955415115,0.0,89725.5,0,1,1,-18292,0,0,2,1,,0,16213.5,0,1,-1533.0,315000.0,1,315000.0,2,-1203,328.8145263157895,1,-4513.0,,-337.0,1,3,,1,0,0,,0,0,-1807,0,0,0,0,0.025164,9.716900584795322,0,0,0,0,0,,735460.8300000001,0,18,180000.0,0,0.0,0,1,0,1,0,1,110892.85714285714,0,0,1,0,1,5.0,0,0,0,0,0.0,0.0,0,0,100422
55,9.0,,0.4066174366275036,,7.0,0.5684200435668831,0.0,1629299.43,1,0,1,-14901,1,0,2,1,,1,65313.0,0,1,-1869.0,1125000.0,1,1125000.0,2,-6438,-239.11668,1,-3513.0,,-1364.0,1,0,,0,0,0,,0,0,-4258,0,0,0,0,0.028663,4.319333333333333,1,0,1,0,1,,4163453.5949999997,0,13,157500.0,0,0.0,0,0,0,0,0,1,165529.2857142857,0,0,0,0,1,2.0,0,0,0,0,0.0,0.0,0,0,100426
56,1.0,0.1667,0.5602843280409464,0.9771,3.0,0.6640709169996869,2.0,0.0,1,0,1,-10711,0,1,2,0,0.9771,1,23107.5,1,1,-727.0,450000.0,1,450000.0,2,-1327,0.0,0,-14.0,0.9772,-992.0,1,1,0.05,0,0,0,0.1667,1,0,-1272,0,1,0,0,0.030755,9.25,0,0,0,0,0,0.1667,132408.45,0,9,144000.0,1,1.0,0,0,0,0,0,1,52818.0,0,0,0,1,1,3.0,0,0,0,0,0.0,2.0,0,0,100438
57,1.0,,0.5388627065779676,,,0.2655718399366447,1.0,563260.5,0,0,1,-9731,0,0,2,1,,0,16443.0,0,1,-680.0,243000.0,0,300735.0,2,365243,0.0,1,-5251.0,,-975.0,1,1,,0,0,1,,0,0,-2314,0,0,0,0,0.016612,1.6166666666666667,0,0,0,0,1,,900000.0,0,11,202500.0,0,1.0,0,0,0,0,0,1,344020.5,0,0,1,0,0,3.0,0,0,0,0,1.0,1.0,0,0,100444
58,,0.375,,0.9856,,0.504134762347502,0.0,,0,0,0,-13188,0,0,2,1,0.9856,0,15237.0,0,1,,211500.0,1,278505.0,2,-126,726.8496428571428,1,-7143.0,0.9856,-1789.0,1,0,0.1524,1,0,0,0.375,0,1,-1257,0,0,1,0,0.018801,10.289285714285715,0,0,0,0,0,0.375,,0,15,135000.0,0,0.0,0,0,0,0,0,0,113141.25,0,0,0,0,1,1.0,0,0,1,0,0.0,0.0,0,0,100445
59,1.0,,0.5638350489514956,,3.0,0.0857030029138577,7.0,17793.0,0,1,0,-10015,1,0,2,1,,0,30465.0,0,1,-1340.0,472500.0,0,594121.5,2,-1283,-1612.6363636363637,0,-4322.0,,-456.0,1,0,,0,0,0,,1,1,-2694,0,0,1,0,0.019101,15.545454545454545,1,0,0,0,0,,313920.54,0,9,157500.0,0,0.0,0,0,0,1,0,1,77764.5,0,0,0,0,1,1.0,0,1,0,0,0.0,7.0,0,0,100446
60,1.0,,0.6801388218428291,,1.0,0.4877420933728962,3.0,54868.5,1,0,1,-21556,0,0,3,1,,1,9873.0,0,1,-1232.0,112500.0,0,130320.0,3,365243,0.0,0,-4896.0,,0.0,1,0,,0,0,0,,1,0,-5008,1,0,0,0,0.003069,6.985507246376812,0,0,0,0,0,,271350.0,0,10,99000.0,0,0.0,0,0,0,0,0,1,603240.0,0,0,0,0,0,2.0,0,0,0,0,0.0,3.0,0,0,100447
61,6.0,,0.3280631605201915,,3.0,0.6964225111331641,0.0,635562.0,1,0,1,-22995,0,0,2,1,,1,7110.0,0,1,-2753.0,90000.0,0,90000.0,2,365243,1215.6675,1,-10775.0,,-575.0,1,0,,0,0,0,,0,0,-3516,0,0,1,0,0.035792,9.666666666666666,0,0,0,0,0,,1611939.06,0,10,40500.0,0,0.0,0,0,0,0,0,1,45000.0,0,0,0,0,0,2.0,0,0,0,0,0.0,0.0,0,0,100450
62,2.0,,0.363945238612397,,9.0,0.6768346788470393,1.0,1646284.5,1,1,1,-22986,0,0,2,0,,1,18747.0,0,1,-2048.0,234000.0,1,261801.0,2,-2062,201.76190476190476,1,-8014.0,,-2888.0,1,0,,0,0,0,,0,0,-4415,0,0,0,0,0.035792,12.986547565494934,0,0,1,0,1,,2972857.5,1,17,175500.0,0,0.0,0,0,0,1,0,1,217455.02500000002,0,0,0,0,1,2.0,0,0,0,0,0.0,1.0,0,0,100466
63,4.0,,0.445396241560834,,5.0,0.7048113313247231,2.0,251968.5,1,1,1,-15358,0,0,2,1,,1,25578.0,0,1,-2783.0,675000.0,0,675000.0,2,-3235,0.0,0,-7912.0,,-480.0,1,1,,0,0,0,,1,0,-4830,0,0,0,0,0.0060079999999999,20.633333333333333,1,0,0,0,0,,1335337.92,0,13,202500.0,1,0.0,0,0,0,1,0,1,101315.7,0,0,0,0,1,3.0,0,0,0,0,0.0,2.0,0,0,100483
64,1.0,0.1667,0.6397075677637197,0.9771,1.0,0.5942687302880564,5.0,0.0,1,0,1,-21975,0,1,2,0,0.9771,1,66415.5,1,0,-2760.0,1741500.0,1,1907010.0,2,-1083,906.3393954248367,0,-12431.0,0.9772,-1363.0,1,0,0.0883,0,0,0,0.1667,1,0,-4962,0,0,0,1,0.0196889999999999,10.545223476596025,1,0,0,0,1,0.1667,54000.0,0,8,202500.0,1,1.0,0,1,0,0,0,1,303473.25,0,0,0,1,1,2.0,0,0,0,0,1.0,5.0,0,0,100484
65,,0.0833,0.6577838002083306,0.9985,8.0,0.3079020349658547,0.0,0.0,1,1,0,-10476,0,0,2,1,0.9985,1,36747.0,1,0,-1931.0,675000.0,1,675000.0,2,-2786,0.0,0,-725.0,0.9985,-1798.0,1,0,0.0325,0,0,1,0.0833,1,0,-3136,0,1,0,0,0.030755,10.25,0,0,1,0,0,0.0833,1145917.935,0,13,135000.0,0,0.0,0,1,0,0,0,1,247500.0,0,0,0,0,1,2.0,0,0,0,0,0.0,0.0,0,0,100494
66,5.0,0.1667,0.4031416766587513,0.9826,4.0,0.3439003270929021,0.0,2137279.5,0,0,0,-15070,1,0,2,1,0.9826,0,21969.0,0,1,-2536.0,405000.0,1,405000.0,2,-1169,-1695.0,1,-6699.0,0.9826,-682.0,1,0,0.0688,0,0,0,0.1667,0,1,-4110,0,0,0,0,0.007114,10.56140350877193,0,1,0,0,0,0.1667,4959441.0,0,14,315000.0,0,0.0,0,0,0,0,1,0,301500.0,0,0,0,0,1,1.0,0,0,0,1,0.0,0.0,0,0,100510
67,1.0,0.0417,,0.9881,,0.7323831066763843,4.0,431356.5,1,0,0,-23681,0,1,2,1,0.9881,1,13815.0,0,0,-165.0,112500.0,0,130320.0,2,365243,0.0,1,-3536.0,0.9881,-158.0,1,0,0.0099,0,0,0,0.0417,0,1,-4863,0,0,0,1,0.0038179999999999,21.6,0,0,0,0,0,0.0417,450000.0,0,4,92250.0,1,0.0,0,0,0,0,0,1,97713.0,0,0,0,0,0,1.0,0,0,0,0,0.0,4.0,0,0,100512
68,4.0,0.3333,0.622922000268356,0.9747,10.0,0.6990006602336026,6.0,5576026.5,1,0,1,-15265,0,0,2,0,0.9747,1,32296.5,0,1,-2002.0,630000.0,0,630000.0,2,-1685,0.0,1,-231.0,0.9747,-2297.0,1,0,0.0589,0,0,0,0.3333,0,0,-2295,0,1,0,0,0.026392,9.919070512820513,0,0,0,0,0,0.3333,6861546.45,0,12,279000.0,1,0.0,0,1,0,0,0,1,250209.0,1,0,0,1,1,2.0,0,0,0,0,0.0,6.0,0,0,100517
69,3.0,0.1667,0.4956658291397297,0.9871,12.0,0.3827771269872223,0.0,91471.5,1,0,0,-23982,0,0,2,1,0.9871,1,11821.5,0,0,-2703.0,135000.0,0,156384.0,2,365243,580.4773977272728,0,-3369.0,0.9871,-1434.0,1,0,0.0303,0,0,0,0.1667,1,1,-4340,0,0,0,1,0.031329,14.678860028860027,0,0,0,0,0,0.1667,936940.5900000001,0,14,87750.0,1,0.0,0,0,0,0,0,1,72242.52631578948,0,0,0,0,0,1.0,0,0,0,0,0.0,0.0,0,0,100548
70,1.0,,0.4365064990977374,,4.0,0.6101448727932867,4.0,255375.0,1,0,1,-20537,0,0,2,1,,1,31788.0,0,1,-2518.0,720000.0,0,981360.0,2,365243,-1971.0907636363634,1,-168.0,,-2078.0,1,0,,0,0,0,,0,0,-1477,0,0,1,0,0.00963,6.951111111111111,0,0,0,0,0,,688815.0,0,12,144000.0,0,0.0,0,0,0,0,0,1,93657.27272727272,0,0,0,0,0,2.0,0,0,0,0,0.0,4.0,0,0,100551
71,2.0,,0.3706496323299817,,3.0,0.5475563590661789,2.0,3271824.0,0,1,1,-11611,1,0,2,1,,1,32170.5,0,1,-1593.0,238500.0,1,269982.0,2,-2117,156.97500000000002,1,-4930.0,,-2248.0,1,2,,1,0,1,,0,0,-4033,1,0,0,0,0.010147,12.15079365079365,0,0,0,0,1,,5611026.33,0,10,180000.0,0,0.0,0,0,0,0,0,1,237807.91349999997,0,0,0,0,1,4.0,0,0,0,0,0.0,2.0,0,0,100552
72,,0.3333,0.7910749129911773,0.9851,1.0,0.668926677741423,0.0,0.0,0,0,0,-11604,1,0,2,1,0.9851,0,10278.0,0,1,-2921.0,126000.0,0,165915.0,2,-3552,-651.3444000000001,1,-5576.0,0.9851,-2746.0,1,0,0.2713,0,1,0,0.3333,0,1,-4239,0,0,0,0,0.031329,35.042857142857144,0,0,0,0,0,0.3333,90000.0,0,8,126000.0,0,0.0,0,0,0,0,1,1,99870.0,0,0,0,0,1,1.0,0,0,0,0,0.0,0.0,0,0,100553
73,6.0,0.3333,0.2188590822283744,0.9866,1.0,0.2731936266061187,3.0,1069652.025,0,0,1,-11819,1,1,2,1,0.9866,1,8140.5,0,0,-1311.0,67500.0,1,67500.0,2,-2612,460.63537684564466,1,-9781.0,0.9866,-1257.0,1,0,0.1522,1,1,0,0.3333,0,0,-4134,1,0,0,0,0.015221,3.0489571561000135,0,0,0,0,0,0.3333,1551010.5,0,12,180000.0,0,0.0,0,0,0,0,0,1,185763.68181818182,0,0,0,0,1,2.0,0,0,0,0,0.0,3.0,0,0,100561
74,3.0,0.125,0.0441303158529594,0.9871,4.0,0.3197248970630974,0.0,422599.5,0,1,1,-10018,0,1,2,1,0.9871,0,24709.5,0,1,-1274.0,270000.0,1,312768.0,2,-464,0.0,1,-4394.0,0.9871,-207.0,1,0,0.0674,0,0,0,0.125,0,0,-2671,1,1,0,0,0.02461,12.566666666666668,0,0,0,0,0,0.125,834889.14,0,14,112500.0,0,0.0,0,1,0,1,0,1,99959.4,0,0,0,0,1,2.0,0,0,0,0,0.0,0.0,0,0,100568
75,,,,,,0.6745249480913912,0.0,,1,0,1,-15253,0,0,2,1,,1,42174.0,0,1,,360000.0,0,400392.0,2,-6186,3350.010721153847,0,-5.0,,-1459.0,1,1,,0,0,0,,1,0,-5219,0,0,0,0,0.009334,12.538461538461538,1,0,1,0,0,,,0,11,225000.0,0,0.0,0,0,0,0,0,1,129891.0,0,0,0,0,1,3.0,0,0,0,0,0.0,0.0,0,0,100569
76,,,,,,0.7045564897720468,2.0,,0,1,1,-16659,1,0,2,0,,1,26077.5,0,1,,283500.0,0,328405.5,2,-243,172.90050000000002,1,-2132.0,,-2687.0,1,0,,0,0,0,,0,0,-186,0,0,0,0,0.01885,7.787087912087912,0,0,1,1,0,,,0,9,180000.0,0,0.0,0,0,1,1,0,1,141422.4,0,0,0,0,1,2.0,0,0,0,0,0.0,2.0,0,0,100591
77,1.0,0.375,0.7898803468924867,0.9945,2.0,0.6206767695433769,0.0,451507.5,1,0,0,-21128,0,0,2,1,0.9945,1,30006.0,0,0,-2300.0,702000.0,0,831730.5,2,365243,3130.184408866995,1,-455.0,0.9945,0.0,1,0,0.099,0,0,0,0.375,0,0,-4284,0,0,0,1,0.025164,2.667077175697865,0,0,1,0,0,0.375,695241.0,0,14,180000.0,0,0.0,0,0,0,0,0,1,152357.14285714287,0,0,0,0,0,1.0,0,0,0,0,0.0,0.0,0,1,100592
78,,,,,,0.6785637263083949,0.0,,1,0,0,-10310,0,0,1,0,,0,23008.5,0,1,,450000.0,1,450000.0,1,-968,0.0,1,-1625.0,,-1371.0,1,0,,0,0,0,,0,1,-2079,0,0,0,0,0.04622,13.569444444444445,0,0,1,0,0,,,0,9,99000.0,0,0.0,0,1,0,0,0,1,119137.5,0,0,0,1,1,1.0,0,0,0,0,0.0,0.0,0,0,100602
79,3.0,0.1667,0.5478104658520093,0.9806,1.0,0.6467135635803658,6.0,1082175.03,0,0,1,-17088,1,0,2,1,0.9806,1,23107.5,0,1,-1007.0,450000.0,0,450000.0,2,-1727,1663.631535326087,1,-10415.0,0.9757,-1472.0,1,0,0.0785,1,0,0,0.25,0,0,-637,0,0,0,0,0.028663,7.573369565217391,0,0,1,0,0,0.25,2178000.0,0,9,135000.0,0,0.0,0,0,0,0,0,1,105000.0,0,0,0,0,1,2.0,0,0,0,0,0.0,6.0,0,0,100607
80,,,,,,0.5898375066653111,0.0,,0,0,1,-22580,0,1,3,1,,1,24525.0,0,1,,454500.0,0,526491.0,3,365243,254.73548076923078,0,-1595.0,,-1400.0,1,0,,0,0,0,,0,0,-3913,0,0,0,0,0.018209,11.967948717948717,0,0,0,0,0,,,0,7,45000.0,1,0.0,0,0,0,0,0,1,76339.125,0,0,0,0,0,2.0,0,0,0,0,0.0,0.0,0,0,100613
81,7.0,,0.1229554179088549,,6.0,0.6011305056142987,1.0,476608.5,1,0,1,-12133,0,0,1,1,,1,24696.0,0,1,-2824.0,360000.0,0,481176.0,1,-291,200.55375,0,-6212.0,,0.0,1,2,,0,0,0,,1,0,-3643,1,0,0,0,0.032561,16.427777777777777,1,0,0,0,1,,1488048.21,0,14,202500.0,0,0.0,0,0,0,0,0,1,43648.3125,0,0,0,0,1,4.0,0,0,0,0,0.0,1.0,0,0,100617
82,2.0,,0.3046721837533529,,4.0,0.5741292648365941,0.0,1708218.0,1,1,1,-15322,1,1,2,1,,0,39924.0,0,1,-2642.0,675000.0,1,781920.0,2,-534,0.0,1,-209.0,,-1310.0,1,0,,1,0,0,,0,0,-5600,0,0,0,0,0.02461,10.864361471861471,0,0,0,0,0,,4716000.0,0,10,202500.0,1,0.0,0,1,0,1,0,1,499686.4285714286,0,0,0,0,1,2.0,0,0,0,0,0.0,0.0,0,0,100618
83,1.0,,0.4206109640437848,,5.0,0.2947234081267146,0.0,9360.0,0,0,0,-10470,0,1,2,1,,0,9058.5,1,1,-915.0,90000.0,1,111384.0,2,-3064,0.0,1,-4531.0,,-1391.0,1,0,,1,0,0,,0,1,-3055,1,0,0,0,0.010147,9.530555555555557,0,0,0,0,0,,100755.0,0,19,67500.0,0,0.0,0,1,0,0,0,0,75386.25,0,0,0,0,1,1.0,0,0,0,0,0.0,0.0,0,0,100622
84,,,,,,0.5837453979138977,0.0,,1,0,1,-12104,0,0,2,0,,0,32400.0,1,1,,585000.0,1,735579.0,2,-4358,1918.752586363636,1,-5809.0,,-2424.0,1,1,,0,0,0,,0,0,-1419,0,0,1,0,0.010032,4.942272727272727,0,0,0,0,1,,,0,5,112500.0,0,0.0,0,0,0,0,0,0,161227.8,0,0,0,1,1,3.0,0,0,0,1,0.0,0.0,0,0,100625
85,6.0,0.0833,0.2091546988410069,0.9692,1.0,0.6507498898246993,2.0,8403989.76,1,1,1,-14806,0,0,2,1,0.9692,1,22459.5,0,1,-1321.0,328500.0,0,402214.5,2,-620,0.0,1,-489.0,0.9692,-2352.0,1,1,0.0418,0,1,0,0.0833,0,0,-3039,0,0,1,0,0.02461,46.6,1,0,0,0,1,0.0833,9486862.74,0,11,252000.0,0,0.0,0,0,0,1,0,1,30456.0,0,0,0,0,1,3.0,0,0,0,0,0.0,2.0,0,0,100677
86,3.0,0.1667,0.6413682574954046,0.9816,5.0,0.3643069022857584,3.0,1377094.5,0,0,1,-13444,1,0,3,1,0.9816,1,23134.5,0,1,-2484.0,270000.0,1,323460.0,3,-1659,275.40982758620686,0,-2988.0,0.9816,-1901.0,1,1,0.0858,1,0,0,0.1667,1,0,-4436,0,0,0,0,0.020246,6.194444444444444,0,0,0,0,0,0.1667,3617991.7199999997,0,7,225000.0,1,0.0,0,0,0,0,0,1,172012.5,0,0,0,0,1,3.0,0,0,1,0,0.0,3.0,0,0,100699
87,3.0,0.125,0.133429254467317,0.9742,1.0,0.1400531333331133,2.0,181138.5,0,0,0,-8839,0,0,3,1,0.9742,1,25015.5,0,1,-647.0,315000.0,0,315000.0,3,-148,222.583125,1,-8210.0,0.9742,-209.0,1,0,0.0319,0,1,0,0.125,0,0,-1503,0,1,0,0,0.018209,19.75,0,0,1,0,0,0.125,369765.0,0,17,175500.0,0,0.0,0,0,0,0,0,1,113463.75,0,0,0,0,1,2.0,0,0,0,0,0.0,2.0,0,0,100702
88,2.0,0.1667,0.3490552510751822,0.9786,3.0,0.3065522993502637,1.0,155587.77000000002,1,0,1,-16107,0,0,2,1,0.9786,1,63085.5,0,0,-2348.0,1363500.0,1,1525482.0,2,-9070,0.0,0,-8068.0,0.9782,-852.0,1,0,0.0651,0,0,0,0.1667,1,0,-2972,0,0,0,0,0.010032,8.75,0,0,1,0,0,0.1667,1192718.25,0,11,180000.0,0,0.0,0,0,0,0,0,0,227016.0,0,0,0,0,1,2.0,0,0,0,1,0.0,1.0,1,0,100711
89,,,0.3706496323299817,,1.0,0.377845152729456,2.0,0.0,0,1,1,-15974,0,0,3,1,,0,14220.0,0,1,-866.0,180000.0,1,180000.0,3,-472,497.10113839285714,1,-5283.0,,-2019.0,1,1,,0,0,0,,0,0,-5319,0,0,0,0,0.010556,20.44642857142857,0,0,1,0,0,,20080.62,0,14,112500.0,0,0.0,0,1,0,1,0,1,94874.14285714286,0,0,0,0,1,3.0,0,0,0,0,0.0,2.0,1,0,100729
90,,,,,,0.352725511085655,0.0,,1,1,1,-10302,0,0,2,0,,0,21559.5,0,1,,225000.0,1,296280.0,2,-615,0.0,1,-1956.0,,-451.0,1,1,,1,0,0,,0,0,-2705,0,0,0,0,0.010643,6.0,0,0,0,0,0,,,0,15,67500.0,0,0.0,0,1,0,1,0,1,35307.0,0,0,0,1,1,3.0,0,0,0,0,0.0,0.0,0,0,100740
91,,,,,,0.4072754189233125,0.0,,1,0,1,-10426,0,1,2,0,,1,17905.5,1,1,,225000.0,1,225000.0,2,-666,0.0,1,-1580.0,,0.0,1,2,,0,0,0,,0,0,-20,0,1,0,0,0.010006,7.363636363636363,0,0,1,0,0,,,0,15,144000.0,0,0.0,0,1,0,0,0,1,156012.75,0,0,0,0,1,4.0,0,0,0,0,0.0,0.0,0,0,100744
92,2.0,,0.5867400085415683,,,0.4667684848289578,17.0,3584.475,1,0,1,-11000,0,0,3,0,,1,29034.0,0,1,-1458.0,900000.0,1,900000.0,3,-2266,865.8683766233767,1,-5278.0,,-1783.0,1,0,,0,0,0,,0,0,-3680,0,0,0,0,0.020713,5.340347152847153,0,0,1,0,0,,72200.655,0,9,135000.0,0,0.0,0,1,0,0,0,1,77677.875,0,0,0,0,1,2.0,0,0,0,0,0.0,16.0,0,0,100745
93,6.0,0.3333,0.3077366963789207,0.9866,6.0,0.5627194869842227,0.0,3988518.255,0,0,0,-8842,1,1,3,0,0.9866,1,54769.5,0,1,-1025.0,625500.0,0,691551.0,3,-839,-3701.9249999999997,0,-4283.0,0.9866,-356.0,1,0,0.1245,0,1,0,0.3333,0,0,-1485,0,0,1,0,0.007305,3.4166666666666665,0,1,0,0,0,0.3333,7437730.5,0,9,495000.0,0,0.0,0,1,0,0,0,1,221386.5,0,0,0,0,1,2.0,0,0,0,0,0.0,0.0,0,0,100747
94,4.0,0.0417,0.1951984060044098,0.9781,4.0,0.2770837796910885,5.0,1258245.0,1,0,1,-14469,0,0,3,1,0.9781,0,14517.0,0,1,-2706.0,450000.0,1,450000.0,3,-4949,-4056.3184285714287,1,-661.0,0.9782,-1882.0,1,1,0.0163,0,0,0,0.0417,0,0,-5678,0,0,0,0,0.020246,8.223809523809523,0,0,0,0,0,0.0417,2989861.875,0,13,67500.0,0,1.0,0,1,0,0,0,1,318417.0,0,0,1,0,1,3.0,0,0,1,0,1.0,5.0,0,0,100751
1480,,0.7083,0.7180328113294772,0.9995,7.0,0.3903477740896321,7.0,0.0,1,0,1,-20476,0,0,2,1,0.9995,1,28705.5,0,0,-2435.0,319500.0,0,361674.0,3,365243,1853.20934375,1,-22.0,0.9995,-1567.0,1,0,0.2732,0,0,0,0.7083,0,0,-2652,1,0,0,1,0.020713,4.56875,0,0,0,0,0,0.7083,516721.5,0,11,90000.0,0,2.0,0,0,0,0,0,1,80307.75,0,0,0,0,0,2.0,0,0,0,0,2.0,7.0,0,0,110598
1481,3.0,0.125,0.3296550543128238,0.9861,3.0,0.0025231354476518,2.0,211732.56,1,0,0,-8092,0,0,2,1,0.9861,1,28350.0,0,1,-1072.0,270000.0,0,270000.0,2,-402,0.0,1,-2942.0,0.9861,-197.0,1,0,0.0251,0,1,0,0.125,0,1,-762,1,1,0,0,0.026392,12.902777777777779,0,0,0,0,0,0.125,545425.65,0,13,157500.0,0,0.0,0,1,0,0,0,1,58506.20357142857,0,0,0,0,1,1.0,0,0,0,0,0.0,2.0,0,0,110601
1482,2.0,,0.722392890081304,,3.0,0.6543543243035187,0.0,823594.5,0,0,1,-22500,0,0,2,0,,1,23895.0,0,1,-2752.0,328500.0,0,371862.0,2,365243,1048.4304545454545,1,-1799.0,,-2613.0,1,1,,0,0,0,,0,0,-5006,0,0,0,0,0.031329,5.181818181818182,0,0,0,0,0,,1783435.5,0,11,92250.0,0,0.0,0,0,0,0,1,1,145065.0,0,0,0,0,0,3.0,0,0,0,0,0.0,0.0,0,0,110602
1483,,0.1667,0.3689687382528466,0.9866,1.0,0.5171939548138732,0.0,0.0,0,0,0,-22960,1,0,3,1,0.9866,1,28948.5,0,1,-282.0,270000.0,0,291384.0,3,365243,-7071.500779411765,1,-1376.0,0.9866,-1963.0,1,0,0.0835,0,0,0,0.1667,0,0,-2524,0,0,0,0,0.020246,18.111764705882354,0,0,0,0,0,0.1667,145359.0,0,11,157500.0,0,0.0,0,0,0,0,0,1,164423.25,0,0,1,0,0,2.0,0,0,0,0,0.0,0.0,0,0,110604
1484,2.0,,0.1054731864873376,,8.0,0.2296406704681619,9.0,0.0,1,1,0,-21323,0,1,2,1,,1,22176.0,0,0,-798.0,261000.0,0,329904.0,2,-246,400.16785714285714,1,-9730.0,,0.0,1,0,,0,0,0,,0,0,-999,0,0,0,1,0.0228,4.838095238095238,0,0,0,0,0,,969284.79,0,12,180000.0,0,0.0,0,0,0,1,1,1,73246.5,0,0,0,0,1,1.0,0,0,0,0,0.0,9.0,0,1,110625
1485,2.0,,,,2.0,0.1858619446448972,8.0,263196.0,1,0,0,-13543,0,0,3,0,,0,12100.5,0,0,-982.0,135000.0,1,156384.0,3,-1496,0.0,1,-7664.0,,-391.0,1,0,,0,0,0,,0,1,-5202,0,1,1,0,0.018029,60.4,0,0,0,0,0,,863320.5,0,10,67500.0,0,0.0,0,1,0,0,0,0,29281.005,0,0,0,0,1,1.0,0,0,1,0,0.0,8.0,0,0,110626
1486,3.0,0.1667,0.237916079507114,0.9856,2.0,0.5866913777107273,4.0,1597745.385,0,0,1,-21157,1,1,2,1,0.9856,1,41764.5,0,1,-1525.0,517500.0,1,572148.0,2,-597,720.0024882352942,1,-7454.0,0.9856,-1484.0,1,0,0.0563,0,0,0,0.1667,0,0,-4647,0,0,1,0,0.0196889999999999,6.725882352941175,0,1,0,0,0,0.1667,3125196.0,0,13,189000.0,0,0.0,1,0,0,0,0,1,232825.5,0,0,0,0,1,2.0,0,0,0,0,0.0,4.0,0,0,110636
1487,3.0,0.375,0.1654074596555436,0.9891,3.0,0.5799626275656092,0.0,224703.0,1,0,0,-10919,0,0,3,1,0.9891,0,14647.5,0,0,-2849.0,450000.0,1,450000.0,3,-389,-905.0123076923077,0,-2729.0,0.9891,-710.0,1,2,0.448,0,0,0,0.375,1,0,-3609,0,0,0,0,0.010556,2.3846153846153846,0,0,0,0,0,0.375,692279.145,0,10,121500.0,0,0.0,0,1,0,0,0,0,32746.5,0,0,0,0,1,4.0,0,0,0,0,0.0,0.0,1,0,110637
1488,3.0,,0.1575949986663102,,6.0,0.4883704275437241,1.0,1462699.665,1,0,1,-19147,0,0,2,1,,1,21906.0,0,1,-2164.0,675000.0,1,675000.0,2,-3056,678.1002272727274,1,-10679.0,,-1898.0,1,0,,0,0,0,,0,0,-2702,1,0,0,0,0.0145199999999999,25.048430735930737,0,0,0,0,0,,2455259.2199999997,0,12,247500.0,0,0.0,0,0,0,0,0,1,46193.625,0,0,0,0,1,2.0,0,0,0,0,0.0,1.0,0,0,110638
1489,1.0,,0.7352209993926424,,4.0,0.5112126062603871,0.0,516721.5,1,1,1,-10341,1,1,2,1,,0,64669.5,0,0,-2056.0,1350000.0,0,1563840.0,2,-2272,2183.3678571428577,1,-4832.0,,-1664.0,1,0,,0,1,1,,0,0,-2795,0,0,0,0,0.030755,9.135714285714286,0,0,0,0,0,,1270989.0,0,20,112500.0,0,0.0,0,1,0,0,1,1,217451.25,0,0,0,0,1,2.0,0,0,0,0,0.0,0.0,1,0,110646
1490,5.0,0.1667,0.6058362647264226,0.9945,2.0,0.6632508799359089,5.0,922144.5,1,0,1,-13692,0,0,2,1,0.9945,1,19048.5,0,1,-1539.0,450000.0,1,450000.0,2,-6802,1288.179935064935,1,-3156.0,0.9945,0.0,1,2,0.0232,0,0,0,0.1667,0,0,-4692,0,0,0,0,0.026392,4.87012987012987,0,0,0,0,0,0.1667,3504753.0,0,11,90000.0,1,0.0,0,0,0,0,0,1,65792.25,0,0,0,0,1,4.0,0,0,1,0,0.0,5.0,0,0,110648
1491,,,,,7.0,0.6178823506477988,2.0,0.0,0,1,1,-19118,1,0,2,1,,1,53329.5,0,1,-2449.0,675000.0,0,675000.0,2,-4013,-2417.5697388059702,0,-1465.0,,-1232.0,1,0,,0,0,0,,1,0,-2655,0,0,0,0,0.035792,5.988381011608623,0,0,0,0,0,,2633548.5,0,10,405000.0,0,0.0,0,0,0,1,0,0,194299.875,0,0,1,0,1,2.0,0,0,0,0,0.0,2.0,0,0,110652
1492,5.0,,0.6178261467332483,,12.0,0.7191939087769792,2.0,1596352.5,0,0,0,-10594,1,0,2,0,,1,57681.0,0,1,-2776.0,900000.0,1,1030680.0,2,-3118,694.2121875,1,-2853.0,,-1854.0,1,0,,0,1,0,,0,1,-2853,0,0,0,0,0.007114,29.0,0,0,1,0,0,,4934302.155,0,10,450000.0,0,1.0,0,0,0,0,0,1,34818.75,0,0,0,0,1,1.0,0,0,0,0,1.0,2.0,0,0,110681
1493,1.0,0.375,0.3606125659189888,0.996,2.0,0.1504111262473146,0.0,41430.465,1,0,0,-20699,1,0,2,1,0.996,1,17262.0,0,0,-973.0,454500.0,0,454500.0,2,365243,67.58183658170917,1,-841.0,0.996,-268.0,1,0,0.1651,0,0,0,0.375,0,1,-3758,0,0,1,1,0.025164,8.120189905047477,0,0,0,0,0,0.375,268951.5,0,6,112500.0,0,0.0,0,0,0,0,0,1,165400.7142857143,0,0,0,0,0,1.0,0,0,0,0,0.0,0.0,0,0,110682
1494,1.0,,0.4507472818545589,,,0.2750864671392028,0.0,121594.5,1,0,0,-9440,0,0,3,1,,1,28863.0,1,1,-82.0,360000.0,1,360000.0,3,-1288,0.0,0,-4015.0,,-1706.0,1,0,,0,0,0,,0,0,-1513,0,1,0,0,0.018029,10.71111111111111,0,0,0,0,0,,140755.5,0,5,112500.0,0,0.0,0,1,0,0,1,1,63321.42857142857,0,0,0,0,1,2.0,0,0,0,0,0.0,0.0,0,0,110687
1495,2.0,0.0417,0.6738300778602003,0.9816,3.0,0.639203876711444,8.0,2123208.0,1,0,1,-18414,1,0,2,0,0.9816,1,40540.5,0,1,-1677.0,1125000.0,1,1125000.0,2,-2286,1348.3484999999998,1,-9627.0,0.9816,-1659.0,1,0,0.0135,0,0,0,0.0417,0,0,-1907,0,0,1,0,0.028663,-19.880555555555553,0,0,0,0,1,0.0417,3851455.5,0,9,225000.0,0,0.0,0,0,0,0,0,1,61875.0,0,0,0,0,1,2.0,0,0,0,0,0.0,8.0,0,0,110691
1496,2.0,0.125,0.3979463219016906,0.9752,1.0,0.6735736660339662,0.0,149634.0,1,0,1,-12948,0,0,2,1,0.9752,1,70987.5,0,1,-407.0,1269000.0,1,1269000.0,2,-1969,-358.66785,1,-5283.0,0.9752,-1769.0,1,0,0.0393,0,0,0,0.125,0,0,-278,0,0,0,0,0.028663,5.33969696969697,1,0,0,0,0,0.125,246348.0,0,14,171000.0,1,0.0,0,0,0,0,0,1,86697.75,0,0,0,0,1,2.0,0,0,0,0,0.0,0.0,0,0,110694
1497,,0.3333,,0.9786,,0.6766576793767902,0.0,,1,0,1,-15722,0,1,1,1,0.9786,1,39924.0,0,1,,675000.0,0,781920.0,1,-3981,0.0,1,-8008.0,0.9786,-157.0,1,0,0.0328,1,1,0,0.3333,0,0,-4181,1,0,0,0,0.032561,19.666666666666668,0,0,0,0,0,0.3333,,0,10,180000.0,0,0.0,0,1,0,0,0,1,71392.5,0,0,0,0,1,2.0,0,0,0,0,0.0,0.0,0,0,110695
1498,2.0,0.2083,0.4848514754962666,0.9901,6.0,0.5885936894845518,0.0,56700.0,0,0,0,-21317,0,1,2,1,0.9901,0,26572.5,0,1,-1081.0,225000.0,1,289732.5,2,-1606,1590.912857142857,1,-340.0,0.9876,-1115.0,1,0,0.0651,0,1,0,0.2708,0,1,-4717,0,0,0,0,0.009175,15.61904761904762,0,0,0,0,0,0.2708,413833.5,0,12,112500.0,0,0.0,0,0,0,0,1,1,63000.0,0,0,0,0,1,1.0,0,0,0,0,0.0,0.0,0,0,110696
1499,3.0,,0.5028782772082183,,5.0,0.6755227273357874,0.0,1826868.375,1,1,0,-11545,1,0,2,1,,0,11623.5,0,1,-2425.0,202500.0,1,202500.0,2,-2643,45.90927364864865,0,-1571.0,,0.0,1,1,,0,0,1,,1,1,-609,0,0,0,0,0.01885,1.9963963963963964,1,0,0,0,0,,4132656.0,0,14,135000.0,0,0.0,0,0,0,0,0,1,31796.1,0,0,1,0,1,2.0,0,0,0,0,0.0,0.0,0,0,110708
1500,,0.3333,0.6706517530862718,0.9935,2.0,0.5739688551416561,0.0,0.0,1,0,1,-16396,0,1,1,1,0.9935,1,20187.0,0,0,-1067.0,270000.0,0,270000.0,2,-1342,0.0,1,-1094.0,0.9935,-1156.0,1,0,0.0671,0,0,0,0.3333,0,0,-1868,0,0,1,0,0.010006,17.055555555555554,0,0,0,0,0,0.3333,195156.9,0,9,180000.0,0,0.0,0,1,0,0,0,1,141342.75,0,0,0,0,1,2.0,0,1,0,0,0.0,0.0,0,0,110710
